{"includedArchiveIdentifiers":["com.TransmitSecurity.IdentityVerification"],"interfaceLanguages":{"occ":[{"children":[{"title":"Classes","type":"groupMarker"},{"children":[{"title":"Instance Methods","type":"groupMarker"},{"path":"\/documentation\/identityverification\/basicstyles\/init","title":"init","type":"method"}],"path":"\/documentation\/identityverification\/basicstyles","title":"BasicStyles","type":"class"},{"children":[{"title":"Instance Methods","type":"groupMarker"},{"path":"\/documentation\/identityverification\/linestyles\/init","title":"init","type":"method"}],"path":"\/documentation\/identityverification\/linestyles","title":"LineStyles","type":"class"},{"path":"\/documentation\/identityverification\/tsidentityverification","title":"TSIdentityVerification","type":"class"},{"title":"Variables","type":"groupMarker"},{"path":"\/documentation\/identityverification\/identityverificationversionnumber","title":"IdentityVerificationVersionNumber","type":"var"},{"path":"\/documentation\/identityverification\/identityverificationversionstring","title":"IdentityVerificationVersionString","type":"var"}],"path":"\/documentation\/identityverification","title":"IdentityVerification","type":"module"}],"swift":[{"children":[{"title":"Classes","type":"groupMarker"},{"children":[{"title":"Instance Properties","type":"groupMarker"},{"path":"\/documentation\/identityverification\/basicstyles\/color","title":"var color: UIColor","type":"property"},{"path":"\/documentation\/identityverification\/basicstyles\/fontname","title":"var fontName: String?","type":"property"},{"path":"\/documentation\/identityverification\/basicstyles\/fontsize","title":"var fontSize: CGFloat","type":"property"},{"path":"\/documentation\/identityverification\/basicstyles\/fontstyle","title":"var fontStyle: FontStyle","type":"property"}],"path":"\/documentation\/identityverification\/basicstyles","title":"BasicStyles","type":"class"},{"children":[{"title":"Instance Properties","type":"groupMarker"},{"path":"\/documentation\/identityverification\/linestyles\/alignment","title":"var alignment: NSTextAlignment","type":"property"},{"path":"\/documentation\/identityverification\/linestyles\/color","title":"var color: UIColor","type":"property"},{"path":"\/documentation\/identityverification\/linestyles\/fontname","title":"var fontName: String?","type":"property"},{"path":"\/documentation\/identityverification\/linestyles\/fontsize","title":"var fontSize: CGFloat","type":"property"},{"path":"\/documentation\/identityverification\/linestyles\/fontstyle","title":"var fontStyle: FontStyle","type":"property"}],"path":"\/documentation\/identityverification\/linestyles","title":"LineStyles","type":"class"},{"children":[{"title":"Initializers","type":"groupMarker"},{"path":"\/documentation\/identityverification\/markdownlineprocessor\/init(rules:defaultrule:)","title":"init(rules: [LineRule], defaultRule: LineStyling)","type":"init"},{"title":"Instance Properties","type":"groupMarker"},{"path":"\/documentation\/identityverification\/markdownlineprocessor\/processemptystrings","title":"var processEmptyStrings: LineStyling?","type":"property"},{"title":"Instance Methods","type":"groupMarker"},{"path":"\/documentation\/identityverification\/markdownlineprocessor\/process(_:)","title":"func process(String) -> [SwiftyLine]","type":"method"}],"path":"\/documentation\/identityverification\/markdownlineprocessor","title":"MarkdownLineProcessor","type":"class"},{"children":[{"title":"Initializers","type":"groupMarker"},{"path":"\/documentation\/identityverification\/markdowntokeniser\/init(with:)","title":"init(with: [CharacterRule])","type":"init"},{"title":"Instance Methods","type":"groupMarker"},{"path":"\/documentation\/identityverification\/markdowntokeniser\/process(_:)","title":"func process(String) -> [Token]","type":"method"}],"path":"\/documentation\/identityverification\/markdowntokeniser","title":"MarkdownTokeniser","type":"class"},{"children":[{"title":"Type Properties","type":"groupMarker"},{"path":"\/documentation\/identityverification\/tsidentityverification\/delegate","title":"static var delegate: TSIdentityVerificationDelegate?","type":"property"},{"path":"\/documentation\/identityverification\/tsidentityverification\/faceauthdelegate","title":"static var faceAuthDelegate: TSIdentityFaceAuthenticationDelegate?","type":"property"},{"path":"\/documentation\/identityverification\/tsidentityverification\/mosaicuidelegate","title":"static var mosaicUIDelegate: TSIdentityVerificationMosaicUIDelegate?","type":"property"},{"title":"Type Methods","type":"groupMarker"},{"path":"\/documentation\/identityverification\/tsidentityverification\/initialize(baseurl:clientid:)","title":"static func initialize(baseUrl: String, clientId: String)","type":"method"},{"path":"\/documentation\/identityverification\/tsidentityverification\/initializesdk(configuration:)","title":"static func initializeSDK(configuration: TSIdvConfiguration?) throws","type":"method"},{"path":"\/documentation\/identityverification\/tsidentityverification\/recapture()","title":"static func recapture()","type":"method"},{"path":"\/documentation\/identityverification\/tsidentityverification\/start(starttoken:)","title":"static func start(startToken: String)","type":"method"},{"path":"\/documentation\/identityverification\/tsidentityverification\/startfaceauth(devicesessionid:)","title":"static func startFaceAuth(deviceSessionId: String)","type":"method"},{"path":"\/documentation\/identityverification\/tsidentityverification\/startmosaicui(starttoken:)","title":"static func startMosaicUI(startToken: String)","type":"method"},{"title":"Default Implementations","type":"groupMarker"},{"children":[{"title":"Type Methods","type":"groupMarker"},{"path":"\/documentation\/identityverification\/tsidentityverification\/logdestination(_:)","title":"static func logDestination(TSLoggerDestination)","type":"method"},{"path":"\/documentation\/identityverification\/tsidentityverification\/setloglevel(_:)","title":"static func setLogLevel(TSLogLevel)","type":"method"}],"path":"\/documentation\/identityverification\/tsidentityverification\/tslogconfigurable-implementations","title":"TSLogConfigurable Implementations","type":"symbol"}],"path":"\/documentation\/identityverification\/tsidentityverification","title":"TSIdentityVerification","type":"class"},{"title":"Protocols","type":"groupMarker"},{"children":[{"title":"Instance Methods","type":"groupMarker"},{"path":"\/documentation\/identityverification\/characterstyling\/isequalto(_:)","title":"func isEqualTo(CharacterStyling) -> Bool","type":"method"}],"path":"\/documentation\/identityverification\/characterstyling","title":"CharacterStyling","type":"protocol"},{"children":[{"title":"Instance Properties","type":"groupMarker"},{"path":"\/documentation\/identityverification\/fontproperties\/color","title":"var color: UIColor","type":"property"},{"path":"\/documentation\/identityverification\/fontproperties\/fontname","title":"var fontName: String?","type":"property"},{"path":"\/documentation\/identityverification\/fontproperties\/fontsize","title":"var fontSize: CGFloat","type":"property"},{"path":"\/documentation\/identityverification\/fontproperties\/fontstyle","title":"var fontStyle: FontStyle","type":"property"}],"path":"\/documentation\/identityverification\/fontproperties","title":"FontProperties","type":"protocol"},{"children":[{"title":"Instance Properties","type":"groupMarker"},{"path":"\/documentation\/identityverification\/lineproperties\/alignment","title":"var alignment: NSTextAlignment","type":"property"}],"path":"\/documentation\/identityverification\/lineproperties","title":"LineProperties","type":"protocol"},{"children":[{"title":"Instance Properties","type":"groupMarker"},{"path":"\/documentation\/identityverification\/linestyling\/shouldtokeniseline","title":"var shouldTokeniseLine: Bool","type":"property"},{"title":"Instance Methods","type":"groupMarker"},{"path":"\/documentation\/identityverification\/linestyling\/styleiffoundstyleaffectspreviousline()","title":"func styleIfFoundStyleAffectsPreviousLine() -> LineStyling?","type":"method"}],"path":"\/documentation\/identityverification\/linestyling","title":"LineStyling","type":"protocol"},{"children":[{"title":"Instance Methods","type":"groupMarker"},{"children":[{"children":[{"path":"\/documentation\/identityverification\/tsidentityfaceauthenticationdelegate\/faceauthenticationdidcancel()-2xr9k","title":"func faceAuthenticationDidCancel()","type":"method"}],"title":"TSIdentityFaceAuthenticationDelegate Implementations","type":"groupMarker"}],"path":"\/documentation\/identityverification\/tsidentityfaceauthenticationdelegate\/faceauthenticationdidcancel()-81xx7","title":"func faceAuthenticationDidCancel()","type":"method"},{"children":[{"children":[{"path":"\/documentation\/identityverification\/tsidentityfaceauthenticationdelegate\/faceauthenticationdidcomplete()-4uitq","title":"func faceAuthenticationDidComplete()","type":"method"}],"title":"TSIdentityFaceAuthenticationDelegate Implementations","type":"groupMarker"}],"path":"\/documentation\/identityverification\/tsidentityfaceauthenticationdelegate\/faceauthenticationdidcomplete()-4oakw","title":"func faceAuthenticationDidComplete()","type":"method"},{"children":[{"children":[{"path":"\/documentation\/identityverification\/tsidentityfaceauthenticationdelegate\/faceauthenticationdidfail(with:)-8b0n5","title":"func faceAuthenticationDidFail(with: TSIdentityVerificationError)","type":"method"}],"title":"TSIdentityFaceAuthenticationDelegate Implementations","type":"groupMarker"}],"path":"\/documentation\/identityverification\/tsidentityfaceauthenticationdelegate\/faceauthenticationdidfail(with:)-2clj","title":"func faceAuthenticationDidFail(with: TSIdentityVerificationError)","type":"method"},{"children":[{"children":[{"path":"\/documentation\/identityverification\/tsidentityfaceauthenticationdelegate\/faceauthenticationdidstartcapturing()-2nh0i","title":"func faceAuthenticationDidStartCapturing()","type":"method"}],"title":"TSIdentityFaceAuthenticationDelegate Implementations","type":"groupMarker"}],"path":"\/documentation\/identityverification\/tsidentityfaceauthenticationdelegate\/faceauthenticationdidstartcapturing()-73jmh","title":"func faceAuthenticationDidStartCapturing()","type":"method"},{"children":[{"children":[{"path":"\/documentation\/identityverification\/tsidentityfaceauthenticationdelegate\/faceauthenticationdidstartprocessing()-zt6w","title":"func faceAuthenticationDidStartProcessing()","type":"method"}],"title":"TSIdentityFaceAuthenticationDelegate Implementations","type":"groupMarker"}],"path":"\/documentation\/identityverification\/tsidentityfaceauthenticationdelegate\/faceauthenticationdidstartprocessing()-4dtru","title":"func faceAuthenticationDidStartProcessing()","type":"method"}],"path":"\/documentation\/identityverification\/tsidentityfaceauthenticationdelegate","title":"TSIdentityFaceAuthenticationDelegate","type":"protocol"},{"children":[{"title":"Instance Methods","type":"groupMarker"},{"children":[{"children":[{"path":"\/documentation\/identityverification\/tsidentityverificationdelegate\/verificationdidcancel()-82rxr","title":"func verificationDidCancel()","type":"method"}],"title":"TSIdentityVerificationDelegate Implementations","type":"groupMarker"}],"path":"\/documentation\/identityverification\/tsidentityverificationdelegate\/verificationdidcancel()-1pz9k","title":"func verificationDidCancel()","type":"method"},{"children":[{"children":[{"path":"\/documentation\/identityverification\/tsidentityverificationdelegate\/verificationdidcomplete()-2eq9","title":"func verificationDidComplete()","type":"method"}],"title":"TSIdentityVerificationDelegate Implementations","type":"groupMarker"}],"path":"\/documentation\/identityverification\/tsidentityverificationdelegate\/verificationdidcomplete()-3daw","title":"func verificationDidComplete()","type":"method"},{"children":[{"children":[{"path":"\/documentation\/identityverification\/tsidentityverificationdelegate\/verificationdidfail(with:)-53k0x","title":"func verificationDidFail(with: TSIdentityVerificationError)","type":"method"}],"title":"TSIdentityVerificationDelegate Implementations","type":"groupMarker"}],"path":"\/documentation\/identityverification\/tsidentityverificationdelegate\/verificationdidfail(with:)-1k5o1","title":"func verificationDidFail(with: TSIdentityVerificationError)","type":"method"},{"children":[{"children":[{"path":"\/documentation\/identityverification\/tsidentityverificationdelegate\/verificationdidstartcapturing()-79xe8","title":"func verificationDidStartCapturing()","type":"method"}],"title":"TSIdentityVerificationDelegate Implementations","type":"groupMarker"}],"path":"\/documentation\/identityverification\/tsidentityverificationdelegate\/verificationdidstartcapturing()-44ak3","title":"func verificationDidStartCapturing()","type":"method"},{"children":[{"children":[{"path":"\/documentation\/identityverification\/tsidentityverificationdelegate\/verificationdidstartprocessing()-oad5","title":"func verificationDidStartProcessing()","type":"method"}],"title":"TSIdentityVerificationDelegate Implementations","type":"groupMarker"}],"path":"\/documentation\/identityverification\/tsidentityverificationdelegate\/verificationdidstartprocessing()-5djjm","title":"func verificationDidStartProcessing()","type":"method"},{"children":[{"children":[{"path":"\/documentation\/identityverification\/tsidentityverificationdelegate\/verificationrequiresrecapture(reason:)-1yuek","title":"func verificationRequiresRecapture(reason: TSRecaptureReason)","type":"method"}],"title":"TSIdentityVerificationDelegate Implementations","type":"groupMarker"}],"path":"\/documentation\/identityverification\/tsidentityverificationdelegate\/verificationrequiresrecapture(reason:)-1389","title":"func verificationRequiresRecapture(reason: TSRecaptureReason)","type":"method"}],"path":"\/documentation\/identityverification\/tsidentityverificationdelegate","title":"TSIdentityVerificationDelegate","type":"protocol"},{"children":[{"title":"Instance Methods","type":"groupMarker"},{"children":[{"children":[{"path":"\/documentation\/identityverification\/tsidentityverificationmosaicuidelegate\/mosaicuiverificationdidcancel()-9kyvi","title":"func mosaicUIVerificationDidCancel()","type":"method"}],"title":"TSIdentityVerificationMosaicUIDelegate Implementations","type":"groupMarker"}],"path":"\/documentation\/identityverification\/tsidentityverificationmosaicuidelegate\/mosaicuiverificationdidcancel()-7x4uy","title":"func mosaicUIVerificationDidCancel()","type":"method"},{"children":[{"children":[{"path":"\/documentation\/identityverification\/tsidentityverificationmosaicuidelegate\/mosaicuiverificationdidcomplete()-7v5pr","title":"func mosaicUIVerificationDidComplete()","type":"method"}],"title":"TSIdentityVerificationMosaicUIDelegate Implementations","type":"groupMarker"}],"path":"\/documentation\/identityverification\/tsidentityverificationmosaicuidelegate\/mosaicuiverificationdidcomplete()-2v011","title":"func mosaicUIVerificationDidComplete()","type":"method"},{"children":[{"children":[{"path":"\/documentation\/identityverification\/tsidentityverificationmosaicuidelegate\/mosaicuiverificationdidfail(with:)-1qvs7","title":"func mosaicUIVerificationDidFail(with: TSIdentityVerificationError)","type":"method"}],"title":"TSIdentityVerificationMosaicUIDelegate Implementations","type":"groupMarker"}],"path":"\/documentation\/identityverification\/tsidentityverificationmosaicuidelegate\/mosaicuiverificationdidfail(with:)-8u5qy","title":"func mosaicUIVerificationDidFail(with: TSIdentityVerificationError)","type":"method"}],"path":"\/documentation\/identityverification\/tsidentityverificationmosaicuidelegate","title":"TSIdentityVerificationMosaicUIDelegate","type":"protocol"},{"title":"Structures","type":"groupMarker"},{"children":[{"title":"Initializers","type":"groupMarker"},{"path":"\/documentation\/identityverification\/characterrule\/init(opentag:intermediatetag:closingtag:escapecharacter:styles:maxtags:cancels:)","title":"init(openTag: String, intermediateTag: String?, closingTag: String?, escapeCharacter: Character?, styles: [Int : [CharacterStyling]], maxTags: Int, cancels: Cancel)","type":"init"},{"title":"Instance Properties","type":"groupMarker"},{"path":"\/documentation\/identityverification\/characterrule\/cancels","title":"var cancels: Cancel","type":"property"},{"path":"\/documentation\/identityverification\/characterrule\/closingtag","title":"let closingTag: String?","type":"property"},{"path":"\/documentation\/identityverification\/characterrule\/description","title":"var description: String","type":"property"},{"path":"\/documentation\/identityverification\/characterrule\/escapecharacter","title":"let escapeCharacter: Character?","type":"property"},{"path":"\/documentation\/identityverification\/characterrule\/intermediatetag","title":"let intermediateTag: String?","type":"property"},{"path":"\/documentation\/identityverification\/characterrule\/maxtags","title":"var maxTags: Int","type":"property"},{"path":"\/documentation\/identityverification\/characterrule\/opentag","title":"let openTag: String","type":"property"},{"path":"\/documentation\/identityverification\/characterrule\/spacesallowed","title":"var spacesAllowed: SpaceAllowed","type":"property"},{"path":"\/documentation\/identityverification\/characterrule\/styles","title":"let styles: [Int : [CharacterStyling]]","type":"property"}],"path":"\/documentation\/identityverification\/characterrule","title":"CharacterRule","type":"struct"},{"children":[{"title":"Initializers","type":"groupMarker"},{"path":"\/documentation\/identityverification\/linerule\/init(token:type:removefrom:shouldtrim:changeappliesto:)","title":"init(token: String, type: LineStyling, removeFrom: Remove, shouldTrim: Bool, changeAppliesTo: ChangeApplication)","type":"init"}],"path":"\/documentation\/identityverification\/linerule","title":"LineRule","type":"struct"},{"children":[{"title":"Instance Properties","type":"groupMarker"},{"path":"\/documentation\/identityverification\/swiftyline\/description","title":"var description: String","type":"property"},{"path":"\/documentation\/identityverification\/swiftyline\/line","title":"let line: String","type":"property"},{"path":"\/documentation\/identityverification\/swiftyline\/linestyle","title":"let lineStyle: LineStyling","type":"property"},{"title":"Default Implementations","type":"groupMarker"},{"children":[{"title":"Operators","type":"groupMarker"},{"path":"\/documentation\/identityverification\/swiftyline\/!=(_:_:)","title":"static func != (Self, Self) -> Bool","type":"op"},{"path":"\/documentation\/identityverification\/swiftyline\/==(_:_:)","title":"static func == (SwiftyLine, SwiftyLine) -> Bool","type":"op"}],"path":"\/documentation\/identityverification\/swiftyline\/equatable-implementations","title":"Equatable Implementations","type":"symbol"}],"path":"\/documentation\/identityverification\/swiftyline","title":"SwiftyLine","type":"struct"},{"children":[{"title":"Initializers","type":"groupMarker"},{"path":"\/documentation\/identityverification\/tsidvconfiguration\/init(configurationfilename:)","title":"init(configurationFileName: String)","type":"init"}],"path":"\/documentation\/identityverification\/tsidvconfiguration","title":"TSIdvConfiguration","type":"struct"},{"children":[{"title":"Initializers","type":"groupMarker"},{"path":"\/documentation\/identityverification\/token\/init(type:inputstring:characterstyles:)","title":"init(type: TokenType, inputString: String, characterStyles: [CharacterStyling])","type":"init"},{"title":"Instance Properties","type":"groupMarker"},{"path":"\/documentation\/identityverification\/token\/characterstyles","title":"var characterStyles: [CharacterStyling]","type":"property"},{"path":"\/documentation\/identityverification\/token\/count","title":"var count: Int","type":"property"},{"path":"\/documentation\/identityverification\/token\/id","title":"let id: String","type":"property"},{"path":"\/documentation\/identityverification\/token\/inputstring","title":"let inputString: String","type":"property"},{"path":"\/documentation\/identityverification\/token\/ismetadata","title":"var isMetadata: Bool","type":"property"},{"path":"\/documentation\/identityverification\/token\/isprocessed","title":"var isProcessed: Bool","type":"property"},{"path":"\/documentation\/identityverification\/token\/metadatastring","title":"var metadataString: String?","type":"property"},{"path":"\/documentation\/identityverification\/token\/outputstring","title":"var outputString: String","type":"property"},{"path":"\/documentation\/identityverification\/token\/shouldskip","title":"var shouldSkip: Bool","type":"property"},{"path":"\/documentation\/identityverification\/token\/tokenindex","title":"var tokenIndex: Int","type":"property"},{"path":"\/documentation\/identityverification\/token\/type","title":"let type: TokenType","type":"property"}],"path":"\/documentation\/identityverification\/token","title":"Token","type":"struct"},{"title":"Enumerations","type":"groupMarker"},{"children":[{"title":"Enumeration Cases","type":"groupMarker"},{"path":"\/documentation\/identityverification\/cancel\/allremaining","title":"case allRemaining","type":"case"},{"path":"\/documentation\/identityverification\/cancel\/currentset","title":"case currentSet","type":"case"},{"path":"\/documentation\/identityverification\/cancel\/none","title":"case none","type":"case"},{"title":"Default Implementations","type":"groupMarker"},{"children":[{"title":"Operators","type":"groupMarker"},{"path":"\/documentation\/identityverification\/cancel\/!=(_:_:)","title":"static func != (Self, Self) -> Bool","type":"op"}],"path":"\/documentation\/identityverification\/cancel\/equatable-implementations","title":"Equatable Implementations","type":"symbol"}],"path":"\/documentation\/identityverification\/cancel","title":"Cancel","type":"enum"},{"children":[{"title":"Enumeration Cases","type":"groupMarker"},{"path":"\/documentation\/identityverification\/changeapplication\/current","title":"case current","type":"case"},{"path":"\/documentation\/identityverification\/changeapplication\/previous","title":"case previous","type":"case"},{"path":"\/documentation\/identityverification\/changeapplication\/untilclose","title":"case untilClose","type":"case"},{"title":"Default Implementations","type":"groupMarker"},{"children":[{"title":"Operators","type":"groupMarker"},{"path":"\/documentation\/identityverification\/changeapplication\/!=(_:_:)","title":"static func != (Self, Self) -> Bool","type":"op"}],"path":"\/documentation\/identityverification\/changeapplication\/equatable-implementations","title":"Equatable Implementations","type":"symbol"}],"path":"\/documentation\/identityverification\/changeapplication","title":"ChangeApplication","type":"enum"},{"children":[{"title":"Enumeration Cases","type":"groupMarker"},{"path":"\/documentation\/identityverification\/fontstyle\/bold","title":"case bold","type":"case"},{"path":"\/documentation\/identityverification\/fontstyle\/bolditalic","title":"case boldItalic","type":"case"},{"path":"\/documentation\/identityverification\/fontstyle\/italic","title":"case italic","type":"case"},{"path":"\/documentation\/identityverification\/fontstyle\/normal","title":"case normal","type":"case"},{"title":"Initializers","type":"groupMarker"},{"path":"\/documentation\/identityverification\/fontstyle\/init(rawvalue:)","title":"init?(rawValue: Int)","type":"init"},{"title":"Default Implementations","type":"groupMarker"},{"children":[{"title":"Operators","type":"groupMarker"},{"path":"\/documentation\/identityverification\/fontstyle\/!=(_:_:)","title":"static func != (Self, Self) -> Bool","type":"op"}],"path":"\/documentation\/identityverification\/fontstyle\/equatable-implementations","title":"Equatable Implementations","type":"symbol"},{"children":[{"title":"Instance Properties","type":"groupMarker"},{"path":"\/documentation\/identityverification\/fontstyle\/hashvalue","title":"var hashValue: Int","type":"property"},{"title":"Instance Methods","type":"groupMarker"},{"path":"\/documentation\/identityverification\/fontstyle\/hash(into:)","title":"func hash(into: inout Hasher)","type":"method"}],"path":"\/documentation\/identityverification\/fontstyle\/rawrepresentable-implementations","title":"RawRepresentable Implementations","type":"symbol"}],"path":"\/documentation\/identityverification\/fontstyle","title":"FontStyle","type":"enum"},{"children":[{"title":"Enumeration Cases","type":"groupMarker"},{"path":"\/documentation\/identityverification\/remove\/both","title":"case both","type":"case"},{"path":"\/documentation\/identityverification\/remove\/entireline","title":"case entireLine","type":"case"},{"path":"\/documentation\/identityverification\/remove\/leading","title":"case leading","type":"case"},{"path":"\/documentation\/identityverification\/remove\/none","title":"case none","type":"case"},{"path":"\/documentation\/identityverification\/remove\/trailing","title":"case trailing","type":"case"},{"title":"Default Implementations","type":"groupMarker"},{"children":[{"title":"Operators","type":"groupMarker"},{"path":"\/documentation\/identityverification\/remove\/!=(_:_:)","title":"static func != (Self, Self) -> Bool","type":"op"}],"path":"\/documentation\/identityverification\/remove\/equatable-implementations","title":"Equatable Implementations","type":"symbol"}],"path":"\/documentation\/identityverification\/remove","title":"Remove","type":"enum"},{"children":[{"title":"Enumeration Cases","type":"groupMarker"},{"path":"\/documentation\/identityverification\/spaceallowed\/bothsides","title":"case bothSides","type":"case"},{"path":"\/documentation\/identityverification\/spaceallowed\/leadingside","title":"case leadingSide","type":"case"},{"path":"\/documentation\/identityverification\/spaceallowed\/no","title":"case no","type":"case"},{"path":"\/documentation\/identityverification\/spaceallowed\/oneside","title":"case oneSide","type":"case"},{"path":"\/documentation\/identityverification\/spaceallowed\/trailingside","title":"case trailingSide","type":"case"},{"title":"Default Implementations","type":"groupMarker"},{"children":[{"title":"Operators","type":"groupMarker"},{"path":"\/documentation\/identityverification\/spaceallowed\/!=(_:_:)","title":"static func != (Self, Self) -> Bool","type":"op"}],"path":"\/documentation\/identityverification\/spaceallowed\/equatable-implementations","title":"Equatable Implementations","type":"symbol"}],"path":"\/documentation\/identityverification\/spaceallowed","title":"SpaceAllowed","type":"enum"},{"children":[{"title":"Enumeration Cases","type":"groupMarker"},{"path":"\/documentation\/identityverification\/tsidentityverificationerror\/camerapermissionrequired","title":"case cameraPermissionRequired","type":"case"},{"path":"\/documentation\/identityverification\/tsidentityverificationerror\/genericservererror","title":"case genericServerError","type":"case"},{"path":"\/documentation\/identityverification\/tsidentityverificationerror\/initializationerror","title":"case initializationError","type":"case"},{"path":"\/documentation\/identityverification\/tsidentityverificationerror\/networkerror","title":"case networkError","type":"case"},{"path":"\/documentation\/identityverification\/tsidentityverificationerror\/recapturenotrequired","title":"case recaptureNotRequired","type":"case"},{"path":"\/documentation\/identityverification\/tsidentityverificationerror\/sdkdisabled","title":"case sdkDisabled","type":"case"},{"path":"\/documentation\/identityverification\/tsidentityverificationerror\/sessionnotvalid","title":"case sessionNotValid","type":"case"},{"path":"\/documentation\/identityverification\/tsidentityverificationerror\/verificationstatuserror","title":"case verificationStatusError","type":"case"},{"title":"Default Implementations","type":"groupMarker"},{"children":[{"title":"Operators","type":"groupMarker"},{"path":"\/documentation\/identityverification\/tsidentityverificationerror\/!=(_:_:)","title":"static func != (Self, Self) -> Bool","type":"op"}],"path":"\/documentation\/identityverification\/tsidentityverificationerror\/equatable-implementations","title":"Equatable Implementations","type":"symbol"},{"children":[{"title":"Instance Properties","type":"groupMarker"},{"path":"\/documentation\/identityverification\/tsidentityverificationerror\/localizeddescription","title":"var localizedDescription: String","type":"property"}],"path":"\/documentation\/identityverification\/tsidentityverificationerror\/error-implementations","title":"Error Implementations","type":"symbol"}],"path":"\/documentation\/identityverification\/tsidentityverificationerror","title":"TSIdentityVerificationError","type":"enum"},{"children":[{"title":"Enumeration Cases","type":"groupMarker"},{"path":"\/documentation\/identityverification\/tsrecapturereason\/docdamaged","title":"case docDamaged","type":"case"},{"path":"\/documentation\/identityverification\/tsrecapturereason\/docexpired","title":"case docExpired","type":"case"},{"path":"\/documentation\/identityverification\/tsrecapturereason\/docnotsupported","title":"case docNotSupported","type":"case"},{"path":"\/documentation\/identityverification\/tsrecapturereason\/imagemissing","title":"case imageMissing","type":"case"},{"path":"\/documentation\/identityverification\/tsrecapturereason\/other(reason:)","title":"case other(reason: String)","type":"case"},{"path":"\/documentation\/identityverification\/tsrecapturereason\/poorimagequality","title":"case poorImageQuality","type":"case"},{"path":"\/documentation\/identityverification\/tsrecapturereason\/unknown","title":"case unknown","type":"case"},{"title":"Default Implementations","type":"groupMarker"},{"children":[{"title":"Instance Properties","type":"groupMarker"},{"path":"\/documentation\/identityverification\/tsrecapturereason\/description","title":"var description: String","type":"property"}],"path":"\/documentation\/identityverification\/tsrecapturereason\/customstringconvertible-implementations","title":"CustomStringConvertible Implementations","type":"symbol"},{"children":[{"title":"Initializers","type":"groupMarker"},{"path":"\/documentation\/identityverification\/tsrecapturereason\/init(from:)","title":"init(from: Decoder) throws","type":"init"}],"path":"\/documentation\/identityverification\/tsrecapturereason\/decodable-implementations","title":"Decodable Implementations","type":"symbol"},{"children":[{"title":"Operators","type":"groupMarker"},{"path":"\/documentation\/identityverification\/tsrecapturereason\/!=(_:_:)","title":"static func != (Self, Self) -> Bool","type":"op"},{"path":"\/documentation\/identityverification\/tsrecapturereason\/==(_:_:)","title":"static func == (TSRecaptureReason, TSRecaptureReason) -> Bool","type":"op"}],"path":"\/documentation\/identityverification\/tsrecapturereason\/equatable-implementations","title":"Equatable Implementations","type":"symbol"}],"path":"\/documentation\/identityverification\/tsrecapturereason","title":"TSRecaptureReason","type":"enum"},{"children":[{"title":"Enumeration Cases","type":"groupMarker"},{"path":"\/documentation\/identityverification\/tokentype\/closetag","title":"case closeTag","type":"case"},{"path":"\/documentation\/identityverification\/tokentype\/escape","title":"case escape","type":"case"},{"path":"\/documentation\/identityverification\/tokentype\/intermediatetag","title":"case intermediateTag","type":"case"},{"path":"\/documentation\/identityverification\/tokentype\/opentag","title":"case openTag","type":"case"},{"path":"\/documentation\/identityverification\/tokentype\/repeatingtag","title":"case repeatingTag","type":"case"},{"path":"\/documentation\/identityverification\/tokentype\/replacement","title":"case replacement","type":"case"},{"path":"\/documentation\/identityverification\/tokentype\/string","title":"case string","type":"case"},{"title":"Default Implementations","type":"groupMarker"},{"children":[{"title":"Operators","type":"groupMarker"},{"path":"\/documentation\/identityverification\/tokentype\/!=(_:_:)","title":"static func != (Self, Self) -> Bool","type":"op"}],"path":"\/documentation\/identityverification\/tokentype\/equatable-implementations","title":"Equatable Implementations","type":"symbol"}],"path":"\/documentation\/identityverification\/tokentype","title":"TokenType","type":"enum"},{"title":"Extended Modules","type":"groupMarker"},{"children":[{"title":"Extended Classes","type":"groupMarker"},{"children":[{"title":"Instance Properties","type":"groupMarker"},{"path":"\/documentation\/identityverification\/tscoresdk\/tsrequesterror\/description","title":"var description: String","type":"property"}],"path":"\/documentation\/identityverification\/tscoresdk\/tsrequesterror","title":"TSRequestError","type":"extension"}],"path":"\/documentation\/identityverification\/tscoresdk","title":"TSCoreSDK","type":"extension"}],"path":"\/documentation\/identityverification","title":"IdentityVerification","type":"module"}]},"schemaVersion":{"major":0,"minor":1,"patch":2}}